<?xml version='1.0' encoding='UTF-8'?>
<?artifactRepository version='1.1.0'?>
<repository name='file:/home/adil.arif/Desktop/AdilArif/Learning/MuleSoft/workspace/google-calendar-service-connector/target/update-site/ - artifacts' type='org.eclipse.equinox.p2.artifact.repository.simpleRepository' version='1'>
  <properties size='2'>
    <property name='p2.timestamp' value='1470684699327'/>
    <property name='p2.compressed' value='false'/>
  </properties>
  <mappings size='3'>
    <rule filter='(&amp; (classifier=osgi.bundle))' output='${repoUrl}/plugins/${id}_${version}.jar'/>
    <rule filter='(&amp; (classifier=binary))' output='${repoUrl}/binary/${id}_${version}'/>
    <rule filter='(&amp; (classifier=org.eclipse.update.feature))' output='${repoUrl}/features/${id}_${version}.jar'/>
  </mappings>
  <artifacts size='2'>
    <artifact classifier='org.eclipse.update.feature' id='org.mule.tooling.ui.extension.google-calendar-service-connector.3.5.0' version='1.0.0.201608081531'>
      <properties size='4'>
        <property name='artifact.size' value='663'/>
        <property name='download.size' value='663'/>
        <property name='download.md5' value='800cf06a8effec0fcc42e57c2622e154'/>
        <property name='download.contentType' value='application/zip'/>
      </properties>
    </artifact>
    <artifact classifier='osgi.bundle' id='org.mule.tooling.ui.contribution.google-calendar-service.3.5.0' version='1.0.0.201608081531'>
      <properties size='3'>
        <property name='artifact.size' value='4031072'/>
        <property name='download.size' value='4031072'/>
        <property name='download.md5' value='46a5cce432784be73bfe8c3649fbedd7'/>
      </properties>
    </artifact>
  </artifacts>
</repository>
